Code Domaine,Domaine,Code zone (ISO3),Zone,Code Élément,Élément,Code Produit,Produit,Code année,Année,Unité,Valeur,Symbole,Description du Symbole,Note
"MK","Indicateurs macro","AFG","Afghanistan","6110","Valeur US $","22008","Produit Intérieur Brut","2017","2017","millions","18896.352021","X","Ciffre de sources internationales",""
"MK","Indicateurs macro","ZAF","Afrique du Sud","6110","Valeur US $","22008","Produit Intérieur Brut","2017","2017","millions","349006.689642","X","Ciffre de sources internationales",""
"MK","Indicateurs macro","ALB","Albanie","6110","Valeur US $","22008","Produit Intérieur Brut","2017","2017","millions","13019.729856","X","Ciffre de sources internationales",""
"MK","Indicateurs macro","DZA","Algérie","6110","Valeur US $","22008","Produit Intérieur Brut","2017","2017","millions","170096.984537","X","Ciffre de sources internationales",""
"MK","Indicateurs macro","DEU","Allemagne","6110","Valeur US $","22008","Produit Intérieur Brut","2017","2017","millions","3690849.152518","X","Ciffre de sources internationales",""
"MK","Indicateurs macro","AND","Andorre","6110","Valeur US $","22008","Produit Intérieur Brut","2017","2017","millions","3000.160225","X","Ciffre de sources internationales",""
"MK","Indicateurs macro","AGO","Angola","6110","Valeur US $","22008","Produit Intérieur Brut","2017","2017","millions","122123.858628","X","Ciffre de sources internationales",""
"MK","Indicateurs macro","AIA","Anguilla","6110","Valeur US $","22008","Produit Intérieur Brut","2017","2017","millions","281.055556","X","Ciffre de sources internationales",""
"MK","Indicateurs macro","ATG","Antigua-et-Barbuda","6110","Valeur US $","22008","Produit Intérieur Brut","2017","2017","millions","1467.977778","X","Ciffre de sources internationales",""
"MK","Indicateurs macro","SAU","Arabie saoudite","6110","Valeur US $","22008","Produit Intérieur Brut","2017","2017","millions","688586.094413","X","Ciffre de sources internationales",""
"MK","Indicateurs macro","ARG","Argentine","6110","Valeur US $","22008","Produit Intérieur Brut","2017","2017","millions","643628.396191","X","Ciffre de sources internationales",""
"MK","Indicateurs macro","ARM","Arménie","6110","Valeur US $","22008","Produit Intérieur Brut","2017","2017","millions","11527.458713","X","Ciffre de sources internationales",""
"MK","Indicateurs macro","ABW","Aruba","6110","Valeur US $","22008","Produit Intérieur Brut","2017","2017","millions","3092.430168","X","Ciffre de sources internationales",""
"MK","Indicateurs macro","AUS","Australie","6110","Valeur US $","22008","Produit Intérieur Brut","2017","2017","millions","1416783.718751","X","Ciffre de sources internationales",""
"MK","Indicateurs macro","AUT","Autriche","6110","Valeur US $","22008","Produit Intérieur Brut","2017","2017","millions","417261.151845","X","Ciffre de sources internationales",""
"MK","Indicateurs macro","AZE","Azerbaïdjan","6110","Valeur US $","22008","Produit Intérieur Brut","2017","2017","millions","40866.632048","X","Ciffre de sources internationales",""
"MK","Indicateurs macro","BHS","Bahamas","6110","Valeur US $","22008","Produit Intérieur Brut","2017","2017","millions","12359.749424","X","Ciffre de sources internationales",""
"MK","Indicateurs macro","BHR","Bahreïn","6110","Valeur US $","22008","Produit Intérieur Brut","2017","2017","millions","35473.785362","X","Ciffre de sources internationales",""
"MK","Indicateurs macro","BGD","Bangladesh","6110","Valeur US $","22008","Produit Intérieur Brut","2017","2017","millions","245633.488923","X","Ciffre de sources internationales",""
"MK","Indicateurs macro","BRB","Barbade","6110","Valeur US $","22008","Produit Intérieur Brut","2017","2017","millions","4985.965","X","Ciffre de sources internationales",""
"MK","Indicateurs macro","BLR","Bélarus","6110","Valeur US $","22008","Produit Intérieur Brut","2017","2017","millions","54725.418814","X","Ciffre de sources internationales",""
"MK","Indicateurs macro","BEL","Belgique","6110","Valeur US $","22008","Produit Intérieur Brut","2017","2017","millions","502764.720556","X","Ciffre de sources internationales",""
"MK","Indicateurs macro","BLZ","Belize","6110","Valeur US $","22008","Produit Intérieur Brut","2017","2017","millions","1844.906692","X","Ciffre de sources internationales",""
"MK","Indicateurs macro","BEN","Bénin","6110","Valeur US $","22008","Produit Intérieur Brut","2017","2017","millions","12701.655846","X","Ciffre de sources internationales",""
"MK","Indicateurs macro","BMU","Bermudes","6110","Valeur US $","22008","Produit Intérieur Brut","2017","2017","millions","7142.316","X","Ciffre de sources internationales",""
"MK","Indicateurs macro","BTN","Bhoutan","6110","Valeur US $","22008","Produit Intérieur Brut","2017","2017","millions","2450.366316","X","Ciffre de sources internationales",""
"MK","Indicateurs macro","BOL","Bolivie (État plurinational de)","6110","Valeur US $","22008","Produit Intérieur Brut","2017","2017","millions","37508.683068","X","Ciffre de sources internationales",""
"MK","Indicateurs macro","BIH","Bosnie-Herzégovine","6110","Valeur US $","22008","Produit Intérieur Brut","2017","2017","millions","18080.610875","X","Ciffre de sources internationales",""
"MK","Indicateurs macro","BWA","Botswana","6110","Valeur US $","22008","Produit Intérieur Brut","2017","2017","millions","17405.496707","X","Ciffre de sources internationales",""
"MK","Indicateurs macro","BRA","Brésil","6110","Valeur US $","22008","Produit Intérieur Brut","2017","2017","millions","2063514.688762","X","Ciffre de sources internationales",""
"MK","Indicateurs macro","BRN","Brunéi Darussalam","6110","Valeur US $","22008","Produit Intérieur Brut","2017","2017","millions","12128.166606","X","Ciffre de sources internationales",""
"MK","Indicateurs macro","BGR","Bulgarie","6110","Valeur US $","22008","Produit Intérieur Brut","2017","2017","millions","59200.845118","X","Ciffre de sources internationales",""
"MK","Indicateurs macro","BFA","Burkina Faso","6110","Valeur US $","22008","Produit Intérieur Brut","2017","2017","millions","14106.955625","X","Ciffre de sources internationales",""
"MK","Indicateurs macro","BDI","Burundi","6110","Valeur US $","22008","Produit Intérieur Brut","2017","2017","millions","3297.826848","X","Ciffre de sources internationales",""
"MK","Indicateurs macro","CPV","Cabo Verde","6110","Valeur US $","22008","Produit Intérieur Brut","2017","2017","millions","1769.786532","X","Ciffre de sources internationales",""
"MK","Indicateurs macro","KHM","Cambodge","6110","Valeur US $","22008","Produit Intérieur Brut","2017","2017","millions","22177.200626","X","Ciffre de sources internationales",""
"MK","Indicateurs macro","CMR","Cameroun","6110","Valeur US $","22008","Produit Intérieur Brut","2017","2017","millions","35009.259798","X","Ciffre de sources internationales",""
"MK","Indicateurs macro","CAN","Canada","6110","Valeur US $","22008","Produit Intérieur Brut","2017","2017","millions","1649518.967468","X","Ciffre de sources internationales",""
"MK","Indicateurs macro","CHL","Chili","6110","Valeur US $","22008","Produit Intérieur Brut","2017","2017","millions","277034.678676","X","Ciffre de sources internationales",""
"MK","Indicateurs macro","CHN","Chine","6110","Valeur US $","22008","Produit Intérieur Brut","2017","2017","millions","12702190.669259","E","Valeur estimée",""
"MK","Indicateurs macro","HKG","Chine - RAS de Hong-Kong","6110","Valeur US $","22008","Produit Intérieur Brut","2017","2017","millions","341241.97222","X","Ciffre de sources internationales",""
"MK","Indicateurs macro","MAC","Chine - RAS de Macao","6110","Valeur US $","22008","Produit Intérieur Brut","2017","2017","millions","50456.759225","X","Ciffre de sources internationales",""
"MK","Indicateurs macro","F41","Chine, continentale","6110","Valeur US $","22008","Produit Intérieur Brut","2017","2017","millions","12310491.937814","X","Ciffre de sources internationales",""
"MK","Indicateurs macro","CYP","Chypre","6110","Valeur US $","22008","Produit Intérieur Brut","2017","2017","millions","22870.734322","X","Ciffre de sources internationales",""
"MK","Indicateurs macro","COL","Colombie","6110","Valeur US $","22008","Produit Intérieur Brut","2017","2017","millions","311883.730442","X","Ciffre de sources internationales",""
"MK","Indicateurs macro","COM","Comores","6110","Valeur US $","22008","Produit Intérieur Brut","2017","2017","millions","1077.439756","X","Ciffre de sources internationales",""
"MK","Indicateurs macro","COG","Congo","6110","Valeur US $","22008","Produit Intérieur Brut","2017","2017","millions","11011.6519","X","Ciffre de sources internationales",""
"MK","Indicateurs macro","CRI","Costa Rica","6110","Valeur US $","22008","Produit Intérieur Brut","2017","2017","millions","60516.044623","X","Ciffre de sources internationales",""
"MK","Indicateurs macro","CIV","Côte d'Ivoire","6110","Valeur US $","22008","Produit Intérieur Brut","2017","2017","millions","51588.154312","X","Ciffre de sources internationales",""
"MK","Indicateurs macro","HRV","Croatie","6110","Valeur US $","22008","Produit Intérieur Brut","2017","2017","millions","56214.432403","X","Ciffre de sources internationales",""
"MK","Indicateurs macro","CUB","Cuba","6110","Valeur US $","22008","Produit Intérieur Brut","2017","2017","millions","96851","X","Ciffre de sources internationales",""
"MK","Indicateurs macro","CUW","Curaçao","6110","Valeur US $","22008","Produit Intérieur Brut","2017","2017","millions","3116.629207","X","Ciffre de sources internationales",""
"MK","Indicateurs macro","DNK","Danemark","6110","Valeur US $","22008","Produit Intérieur Brut","2017","2017","millions","332121.063806","X","Ciffre de sources internationales",""
"MK","Indicateurs macro","DJI","Djibouti","6110","Valeur US $","22008","Produit Intérieur Brut","2017","2017","millions","2766.868072","X","Ciffre de sources internationales",""
"MK","Indicateurs macro","DMA","Dominique","6110","Valeur US $","22008","Produit Intérieur Brut","2017","2017","millions","520.7","X","Ciffre de sources internationales",""
"MK","Indicateurs macro","EGY","Égypte","6110","Valeur US $","22008","Produit Intérieur Brut","2017","2017","millions","195135.299313","X","Ciffre de sources internationales",""
"MK","Indicateurs macro","SLV","El Salvador","6110","Valeur US $","22008","Produit Intérieur Brut","2017","2017","millions","24979.19","X","Ciffre de sources internationales",""
"MK","Indicateurs macro","ARE","Émirats arabes unis","6110","Valeur US $","22008","Produit Intérieur Brut","2017","2017","millions","385605.506855","X","Ciffre de sources internationales",""
"MK","Indicateurs macro","ECU","Équateur","6110","Valeur US $","22008","Produit Intérieur Brut","2017","2017","millions","104295.862","X","Ciffre de sources internationales",""
"MK","Indicateurs macro","ERI","Érythrée","6110","Valeur US $","22008","Produit Intérieur Brut","2017","2017","millions","1903.966833","X","Ciffre de sources internationales",""
"MK","Indicateurs macro","ESP","Espagne","6110","Valeur US $","22008","Produit Intérieur Brut","2017","2017","millions","1312539.279462","X","Ciffre de sources internationales",""
"MK","Indicateurs macro","EST","Estonie","6110","Valeur US $","22008","Produit Intérieur Brut","2017","2017","millions","26924.385103","X","Ciffre de sources internationales",""
"MK","Indicateurs macro","SWZ","Eswatini","6110","Valeur US $","22008","Produit Intérieur Brut","2017","2017","millions","4401.526105","X","Ciffre de sources internationales",""
"MK","Indicateurs macro","USA","États-Unis d'Amérique","6110","Valeur US $","22008","Produit Intérieur Brut","2017","2017","millions","19479623","X","Ciffre de sources internationales",""
"MK","Indicateurs macro","ETH","Éthiopie","6110","Valeur US $","22008","Produit Intérieur Brut","2017","2017","millions","76794.516911","X","Ciffre de sources internationales",""
"MK","Indicateurs macro","RUS","Fédération de Russie","6110","Valeur US $","22008","Produit Intérieur Brut","2017","2017","millions","1574199.379405","X","Ciffre de sources internationales",""
"MK","Indicateurs macro","FJI","Fidji","6110","Valeur US $","22008","Produit Intérieur Brut","2017","2017","millions","5353.491805","X","Ciffre de sources internationales",""
"MK","Indicateurs macro","FIN","Finlande","6110","Valeur US $","22008","Produit Intérieur Brut","2017","2017","millions","255647.979916","X","Ciffre de sources internationales",""
"MK","Indicateurs macro","FRA","France","6110","Valeur US $","22008","Produit Intérieur Brut","2017","2017","millions","2595151.045198","X","Ciffre de sources internationales",""
"MK","Indicateurs macro","GAB","Gabon","6110","Valeur US $","22008","Produit Intérieur Brut","2017","2017","millions","14929.646484","X","Ciffre de sources internationales",""
"MK","Indicateurs macro","GMB","Gambie","6110","Valeur US $","22008","Produit Intérieur Brut","2017","2017","millions","1504.954083","X","Ciffre de sources internationales",""
"MK","Indicateurs macro","GEO","Géorgie","6110","Valeur US $","22008","Produit Intérieur Brut","2017","2017","millions","16242.687078","X","Ciffre de sources internationales",""
"MK","Indicateurs macro","GHA","Ghana","6110","Valeur US $","22008","Produit Intérieur Brut","2017","2017","millions","60403.027568","X","Ciffre de sources internationales",""
"MK","Indicateurs macro","GRC","Grèce","6110","Valeur US $","22008","Produit Intérieur Brut","2017","2017","millions","199844.41844","X","Ciffre de sources internationales",""
"MK","Indicateurs macro","GRD","Grenade","6110","Valeur US $","22008","Produit Intérieur Brut","2017","2017","millions","1125.685185","X","Ciffre de sources internationales",""
"MK","Indicateurs macro","GRL","Groenland","6110","Valeur US $","22008","Produit Intérieur Brut","2017","2017","millions","2851.613478","X","Ciffre de sources internationales",""
"MK","Indicateurs macro","GTM","Guatemala","6110","Valeur US $","22008","Produit Intérieur Brut","2017","2017","millions","71653.756545","X","Ciffre de sources internationales",""
"MK","Indicateurs macro","GIN","Guinée","6110","Valeur US $","22008","Produit Intérieur Brut","2017","2017","millions","10324.668257","X","Ciffre de sources internationales",""
"MK","Indicateurs macro","GNQ","Guinée équatoriale","6110","Valeur US $","22008","Produit Intérieur Brut","2017","2017","millions","12200.908721","X","Ciffre de sources internationales",""
"MK","Indicateurs macro","GNB","Guinée-Bissau","6110","Valeur US $","22008","Produit Intérieur Brut","2017","2017","millions","1350.177012","X","Ciffre de sources internationales",""
"MK","Indicateurs macro","GUY","Guyana","6110","Valeur US $","22008","Produit Intérieur Brut","2017","2017","millions","4748.174334","X","Ciffre de sources internationales",""
"MK","Indicateurs macro","HTI","Haïti","6110","Valeur US $","22008","Produit Intérieur Brut","2017","2017","millions","15237.360994","X","Ciffre de sources internationales",""
"MK","Indicateurs macro","HND","Honduras","6110","Valeur US $","22008","Produit Intérieur Brut","2017","2017","millions","23136.248046","X","Ciffre de sources internationales",""
"MK","Indicateurs macro","HUN","Hongrie","6110","Valeur US $","22008","Produit Intérieur Brut","2017","2017","millions","143136.245597","X","Ciffre de sources internationales",""
"MK","Indicateurs macro","CYM","Îles Caïmanes","6110","Valeur US $","22008","Produit Intérieur Brut","2017","2017","millions","5250.264878","X","Ciffre de sources internationales",""
"MK","Indicateurs macro","COK","Îles Cook","6110","Valeur US $","22008","Produit Intérieur Brut","2017","2017","millions","345.608995","X","Ciffre de sources internationales",""
"MK","Indicateurs macro","MHL","Îles Marshall","6110","Valeur US $","22008","Produit Intérieur Brut","2017","2017","millions","213.06163","X","Ciffre de sources internationales",""
"MK","Indicateurs macro","SLB","Îles Salomon","6110","Valeur US $","22008","Produit Intérieur Brut","2017","2017","millions","1483.798754","X","Ciffre de sources internationales",""
"MK","Indicateurs macro","TCA","Îles Turques-et-Caïques","6110","Valeur US $","22008","Produit Intérieur Brut","2017","2017","millions","1022.365","X","Ciffre de sources internationales",""
"MK","Indicateurs macro","VGB","Îles Vierges britanniques","6110","Valeur US $","22008","Produit Intérieur Brut","2017","2017","millions","1306.77","X","Ciffre de sources internationales",""
"MK","Indicateurs macro","IND","Inde","6110","Valeur US $","22008","Produit Intérieur Brut","2017","2017","millions","2624329.038245","X","Ciffre de sources internationales",""
"MK","Indicateurs macro","IDN","Indonésie","6110","Valeur US $","22008","Produit Intérieur Brut","2017","2017","millions","1015618.74417","X","Ciffre de sources internationales",""
"MK","Indicateurs macro","IRN","Iran (République islamique d')","6110","Valeur US $","22008","Produit Intérieur Brut","2017","2017","millions","503710.010469","X","Ciffre de sources internationales",""
"MK","Indicateurs macro","IRQ","Iraq","6110","Valeur US $","22008","Produit Intérieur Brut","2017","2017","millions","187217.652027","X","Ciffre de sources internationales",""
"MK","Indicateurs macro","IRL","Irlande","6110","Valeur US $","22008","Produit Intérieur Brut","2017","2017","millions","335430.830073","X","Ciffre de sources internationales",""
"MK","Indicateurs macro","ISL","Islande","6110","Valeur US $","22008","Produit Intérieur Brut","2017","2017","millions","24728.285177","X","Ciffre de sources internationales",""
"MK","Indicateurs macro","ISR","Israël","6110","Valeur US $","22008","Produit Intérieur Brut","2017","2017","millions","355277.44798","X","Ciffre de sources internationales",""
"MK","Indicateurs macro","ITA","Italie","6110","Valeur US $","22008","Produit Intérieur Brut","2017","2017","millions","1961796.197354","X","Ciffre de sources internationales",""
"MK","Indicateurs macro","JAM","Jamaïque","6110","Valeur US $","22008","Produit Intérieur Brut","2017","2017","millions","14808.985267","X","Ciffre de sources internationales",""
"MK","Indicateurs macro","JPN","Japon","6110","Valeur US $","22008","Produit Intérieur Brut","2017","2017","millions","4930837.369151","X","Ciffre de sources internationales",""
"MK","Indicateurs macro","JOR","Jordanie","6110","Valeur US $","22008","Produit Intérieur Brut","2017","2017","millions","41408.450704","X","Ciffre de sources internationales",""
"MK","Indicateurs macro","KAZ","Kazakhstan","6110","Valeur US $","22008","Produit Intérieur Brut","2017","2017","millions","166805.788967","X","Ciffre de sources internationales",""
"MK","Indicateurs macro","KEN","Kenya","6110","Valeur US $","22008","Produit Intérieur Brut","2017","2017","millions","82064.798407","X","Ciffre de sources internationales",""
"MK","Indicateurs macro","KGZ","Kirghizistan","6110","Valeur US $","22008","Produit Intérieur Brut","2017","2017","millions","7702.938395","X","Ciffre de sources internationales",""
"MK","Indicateurs macro","KIR","Kiribati","6110","Valeur US $","22008","Produit Intérieur Brut","2017","2017","millions","188.197759","X","Ciffre de sources internationales",""
"MK","Indicateurs macro","KWT","Koweït","6110","Valeur US $","22008","Produit Intérieur Brut","2017","2017","millions","120687.750672","X","Ciffre de sources internationales",""
"MK","Indicateurs macro","LSO","Lesotho","6110","Valeur US $","22008","Produit Intérieur Brut","2017","2017","millions","2304.459267","X","Ciffre de sources internationales",""
"MK","Indicateurs macro","LVA","Lettonie","6110","Valeur US $","22008","Produit Intérieur Brut","2017","2017","millions","30483.806018","X","Ciffre de sources internationales",""
"MK","Indicateurs macro","LBN","Liban","6110","Valeur US $","22008","Produit Intérieur Brut","2017","2017","millions","53324.800959","X","Ciffre de sources internationales",""
"MK","Indicateurs macro","LBR","Libéria","6110","Valeur US $","22008","Produit Intérieur Brut","2017","2017","millions","2763","X","Ciffre de sources internationales",""
"MK","Indicateurs macro","LBY","Libye","6110","Valeur US $","22008","Produit Intérieur Brut","2017","2017","millions","66121.849984","X","Ciffre de sources internationales",""
"MK","Indicateurs macro","LIE","Liechtenstein","6110","Valeur US $","22008","Produit Intérieur Brut","2017","2017","millions","6474.31091","X","Ciffre de sources internationales",""
"MK","Indicateurs macro","LTU","Lituanie","6110","Valeur US $","22008","Produit Intérieur Brut","2017","2017","millions","47758.736932","X","Ciffre de sources internationales",""
"MK","Indicateurs macro","LUX","Luxembourg","6110","Valeur US $","22008","Produit Intérieur Brut","2017","2017","millions","65712.180343","X","Ciffre de sources internationales",""
"MK","Indicateurs macro","MKD","Macédoine du Nord","6110","Valeur US $","22008","Produit Intérieur Brut","2017","2017","millions","11307.06119","X","Ciffre de sources internationales",""
"MK","Indicateurs macro","MDG","Madagascar","6110","Valeur US $","22008","Produit Intérieur Brut","2017","2017","millions","13176.313594","X","Ciffre de sources internationales",""
"MK","Indicateurs macro","MYS","Malaisie","6110","Valeur US $","22008","Produit Intérieur Brut","2017","2017","millions","319109.103242","X","Ciffre de sources internationales",""
"MK","Indicateurs macro","MWI","Malawi","6110","Valeur US $","22008","Produit Intérieur Brut","2017","2017","millions","8943.543794","X","Ciffre de sources internationales",""
"MK","Indicateurs macro","MDV","Maldives","6110","Valeur US $","22008","Produit Intérieur Brut","2017","2017","millions","4754.185598","X","Ciffre de sources internationales",""
"MK","Indicateurs macro","MLI","Mali","6110","Valeur US $","22008","Produit Intérieur Brut","2017","2017","millions","15365.713059","X","Ciffre de sources internationales",""
"MK","Indicateurs macro","MLT","Malte","6110","Valeur US $","22008","Produit Intérieur Brut","2017","2017","millions","13510.309062","X","Ciffre de sources internationales",""
"MK","Indicateurs macro","MAR","Maroc","6110","Valeur US $","22008","Produit Intérieur Brut","2017","2017","millions","109682.751915","X","Ciffre de sources internationales",""
"MK","Indicateurs macro","MUS","Maurice","6110","Valeur US $","22008","Produit Intérieur Brut","2017","2017","millions","13259.348214","X","Ciffre de sources internationales",""
"MK","Indicateurs macro","MRT","Mauritanie","6110","Valeur US $","22008","Produit Intérieur Brut","2017","2017","millions","6800.135962","X","Ciffre de sources internationales",""
"MK","Indicateurs macro","MEX","Mexique","6110","Valeur US $","22008","Produit Intérieur Brut","2017","2017","millions","1158912.015259","X","Ciffre de sources internationales",""
"MK","Indicateurs macro","FSM","Micronésie (États fédérés de)","6110","Valeur US $","22008","Produit Intérieur Brut","2017","2017","millions","366.666809","X","Ciffre de sources internationales",""
"MK","Indicateurs macro","MCO","Monaco","6110","Valeur US $","22008","Produit Intérieur Brut","2017","2017","millions","6431.276067","X","Ciffre de sources internationales",""
"MK","Indicateurs macro","MNG","Mongolie","6110","Valeur US $","22008","Produit Intérieur Brut","2017","2017","millions","11425.755104","X","Ciffre de sources internationales",""
"MK","Indicateurs macro","MNE","Monténégro","6110","Valeur US $","22008","Produit Intérieur Brut","2017","2017","millions","4856.612346","X","Ciffre de sources internationales",""
"MK","Indicateurs macro","MSR","Montserrat","6110","Valeur US $","22008","Produit Intérieur Brut","2017","2017","millions","60.1","X","Ciffre de sources internationales",""
"MK","Indicateurs macro","MOZ","Mozambique","6110","Valeur US $","22008","Produit Intérieur Brut","2017","2017","millions","13219.07958","X","Ciffre de sources internationales",""
"MK","Indicateurs macro","MMR","Myanmar","6110","Valeur US $","22008","Produit Intérieur Brut","2017","2017","millions","68209.182343","X","Ciffre de sources internationales",""
"MK","Indicateurs macro","NAM","Namibie","6110","Valeur US $","22008","Produit Intérieur Brut","2017","2017","millions","12887.501268","X","Ciffre de sources internationales",""
"MK","Indicateurs macro","NRU","Nauru","6110","Valeur US $","22008","Produit Intérieur Brut","2017","2017","millions","128.743386","X","Ciffre de sources internationales",""
"MK","Indicateurs macro","NPL","Népal","6110","Valeur US $","22008","Produit Intérieur Brut","2017","2017","millions","29443.014181","X","Ciffre de sources internationales",""
"MK","Indicateurs macro","NIC","Nicaragua","6110","Valeur US $","22008","Produit Intérieur Brut","2017","2017","millions","13785.892849","X","Ciffre de sources internationales",""
"MK","Indicateurs macro","NER","Niger","6110","Valeur US $","22008","Produit Intérieur Brut","2017","2017","millions","11185.105961","X","Ciffre de sources internationales",""
"MK","Indicateurs macro","NGA","Nigéria","6110","Valeur US $","22008","Produit Intérieur Brut","2017","2017","millions","375769.719405","X","Ciffre de sources internationales",""
"MK","Indicateurs macro","NOR","Norvège","6110","Valeur US $","22008","Produit Intérieur Brut","2017","2017","millions","398393.955269","X","Ciffre de sources internationales",""
"MK","Indicateurs macro","NCL","Nouvelle-Calédonie","6110","Valeur US $","22008","Produit Intérieur Brut","2017","2017","millions","9174.048669","X","Ciffre de sources internationales",""
"MK","Indicateurs macro","NZL","Nouvelle-Zélande","6110","Valeur US $","22008","Produit Intérieur Brut","2017","2017","millions","206623.7588","X","Ciffre de sources internationales",""
"MK","Indicateurs macro","OMN","Oman","6110","Valeur US $","22008","Produit Intérieur Brut","2017","2017","millions","70598.026283","X","Ciffre de sources internationales",""
"MK","Indicateurs macro","UGA","Ouganda","6110","Valeur US $","22008","Produit Intérieur Brut","2017","2017","millions","31578.959827","X","Ciffre de sources internationales",""
"MK","Indicateurs macro","UZB","Ouzbékistan","6110","Valeur US $","22008","Produit Intérieur Brut","2017","2017","millions","59159.9487","X","Ciffre de sources internationales",""
"MK","Indicateurs macro","PAK","Pakistan","6110","Valeur US $","22008","Produit Intérieur Brut","2017","2017","millions","302709.723378","X","Ciffre de sources internationales",""
"MK","Indicateurs macro","PLW","Palaos","6110","Valeur US $","22008","Produit Intérieur Brut","2017","2017","millions","287.564063","X","Ciffre de sources internationales",""
"MK","Indicateurs macro","PSE","Palestine","6110","Valeur US $","22008","Produit Intérieur Brut","2017","2017","millions","16128","X","Ciffre de sources internationales",""
"MK","Indicateurs macro","PAN","Panama","6110","Valeur US $","22008","Produit Intérieur Brut","2017","2017","millions","62202.725204","X","Ciffre de sources internationales",""
"MK","Indicateurs macro","PNG","Papouasie-Nouvelle-Guinée","6110","Valeur US $","22008","Produit Intérieur Brut","2017","2017","millions","22742.696403","X","Ciffre de sources internationales",""
"MK","Indicateurs macro","PRY","Paraguay","6110","Valeur US $","22008","Produit Intérieur Brut","2017","2017","millions","38997.129809","X","Ciffre de sources internationales",""
"MK","Indicateurs macro","NLD","Pays-Bas","6110","Valeur US $","22008","Produit Intérieur Brut","2017","2017","millions","833869.641687","X","Ciffre de sources internationales",""
"MK","Indicateurs macro","PER","Pérou","6110","Valeur US $","22008","Produit Intérieur Brut","2017","2017","millions","211007.952316","X","Ciffre de sources internationales",""
"MK","Indicateurs macro","PHL","Philippines","6110","Valeur US $","22008","Produit Intérieur Brut","2017","2017","millions","328480.738148","X","Ciffre de sources internationales",""
"MK","Indicateurs macro","POL","Pologne","6110","Valeur US $","22008","Produit Intérieur Brut","2017","2017","millions","526504.233551","X","Ciffre de sources internationales",""
"MK","Indicateurs macro","PYF","Polynésie française","6110","Valeur US $","22008","Produit Intérieur Brut","2017","2017","millions","5833.352684","X","Ciffre de sources internationales",""
"MK","Indicateurs macro","PRI","Porto Rico","6110","Valeur US $","22008","Produit Intérieur Brut","2017","2017","millions","103445.526","X","Ciffre de sources internationales",""
"MK","Indicateurs macro","PRT","Portugal","6110","Valeur US $","22008","Produit Intérieur Brut","2017","2017","millions","221357.874719","X","Ciffre de sources internationales",""
"MK","Indicateurs macro","QAT","Qatar","6110","Valeur US $","22008","Produit Intérieur Brut","2017","2017","millions","161099.122215","X","Ciffre de sources internationales",""
"MK","Indicateurs macro","SYR","République arabe syrienne","6110","Valeur US $","22008","Produit Intérieur Brut","2017","2017","millions","16883.861331","X","Ciffre de sources internationales",""
"MK","Indicateurs macro","CAF","République centrafricaine","6110","Valeur US $","22008","Produit Intérieur Brut","2017","2017","millions","2072.349974","X","Ciffre de sources internationales",""
"MK","Indicateurs macro","KOR","République de Corée","6110","Valeur US $","22008","Produit Intérieur Brut","2017","2017","millions","1623901.466309","X","Ciffre de sources internationales",""
"MK","Indicateurs macro","MDA","République de Moldova","6110","Valeur US $","22008","Produit Intérieur Brut","2017","2017","millions","9669.741743","X","Ciffre de sources internationales",""
"MK","Indicateurs macro","COD","République démocratique du Congo","6110","Valeur US $","22008","Produit Intérieur Brut","2017","2017","millions","37642.464497","X","Ciffre de sources internationales",""
"MK","Indicateurs macro","LAO","République démocratique populaire lao","6110","Valeur US $","22008","Produit Intérieur Brut","2017","2017","millions","17071.17271","X","Ciffre de sources internationales",""
"MK","Indicateurs macro","DOM","République dominicaine","6110","Valeur US $","22008","Produit Intérieur Brut","2017","2017","millions","79998.045976","X","Ciffre de sources internationales",""
"MK","Indicateurs macro","PRK","République populaire démocratique de Corée","6110","Valeur US $","22008","Produit Intérieur Brut","2017","2017","millions","17364.724931","X","Ciffre de sources internationales",""
"MK","Indicateurs macro","TZA","République-Unie de Tanzanie","6110","Valeur US $","22008","Produit Intérieur Brut","2017","2017","millions","54723.795208","X","Ciffre de sources internationales",""
"MK","Indicateurs macro","ROU","Roumanie","6110","Valeur US $","22008","Produit Intérieur Brut","2017","2017","millions","211695.857898","X","Ciffre de sources internationales",""
"MK","Indicateurs macro","GBR","Royaume-Uni de Grande-Bretagne et d'Irlande du Nord","6110","Valeur US $","22008","Produit Intérieur Brut","2017","2017","millions","2699016.715111","X","Ciffre de sources internationales",""
"MK","Indicateurs macro","RWA","Rwanda","6110","Valeur US $","22008","Produit Intérieur Brut","2017","2017","millions","9252.814353","X","Ciffre de sources internationales",""
"MK","Indicateurs macro","LCA","Sainte-Lucie","6110","Valeur US $","22008","Produit Intérieur Brut","2017","2017","millions","1996.77037","X","Ciffre de sources internationales",""
"MK","Indicateurs macro","KNA","Saint-Kitts-et-Nevis","6110","Valeur US $","22008","Produit Intérieur Brut","2017","2017","millions","996.944444","X","Ciffre de sources internationales",""
"MK","Indicateurs macro","SMR","Saint-Marin","6110","Valeur US $","22008","Produit Intérieur Brut","2017","2017","millions","1528.621195","X","Ciffre de sources internationales",""
"MK","Indicateurs macro","VCT","Saint-Vincent-et-les Grenadines","6110","Valeur US $","22008","Produit Intérieur Brut","2017","2017","millions","792.177778","X","Ciffre de sources internationales",""
"MK","Indicateurs macro","WSM","Samoa","6110","Valeur US $","22008","Produit Intérieur Brut","2017","2017","millions","825.065062","X","Ciffre de sources internationales",""
"MK","Indicateurs macro","STP","Sao Tomé-et-Principe","6110","Valeur US $","22008","Produit Intérieur Brut","2017","2017","millions","378.598871","X","Ciffre de sources internationales",""
"MK","Indicateurs macro","SEN","Sénégal","6110","Valeur US $","22008","Produit Intérieur Brut","2017","2017","millions","20996.569847","X","Ciffre de sources internationales",""
"MK","Indicateurs macro","SRB","Serbie","6110","Valeur US $","22008","Produit Intérieur Brut","2017","2017","millions","44179.075315","X","Ciffre de sources internationales",""
"MK","Indicateurs macro","SYC","Seychelles","6110","Valeur US $","22008","Produit Intérieur Brut","2017","2017","millions","1528.270954","X","Ciffre de sources internationales",""
"MK","Indicateurs macro","SLE","Sierra Leone","6110","Valeur US $","22008","Produit Intérieur Brut","2017","2017","millions","3739.577962","X","Ciffre de sources internationales",""
"MK","Indicateurs macro","SGP","Singapour","6110","Valeur US $","22008","Produit Intérieur Brut","2017","2017","millions","343331.535022","X","Ciffre de sources internationales",""
"MK","Indicateurs macro","SXM","Sint Maarten (partie néerlandaise)","6110","Valeur US $","22008","Produit Intérieur Brut","2017","2017","millions","1014","X","Ciffre de sources internationales",""
"MK","Indicateurs macro","SVK","Slovaquie","6110","Valeur US $","22008","Produit Intérieur Brut","2017","2017","millions","95393.515078","X","Ciffre de sources internationales",""
"MK","Indicateurs macro","SVN","Slovénie","6110","Valeur US $","22008","Produit Intérieur Brut","2017","2017","millions","48589.100043","X","Ciffre de sources internationales",""
"MK","Indicateurs macro","SOM","Somalie","6110","Valeur US $","22008","Produit Intérieur Brut","2017","2017","millions","1620.100288","X","Ciffre de sources internationales",""
"MK","Indicateurs macro","SDN","Soudan","6110","Valeur US $","22008","Produit Intérieur Brut","2017","2017","millions","122072.659961","X","Ciffre de sources internationales",""
"MK","Indicateurs macro","SSD","Soudan du Sud","6110","Valeur US $","22008","Produit Intérieur Brut","2017","2017","millions","3571.364985","X","Ciffre de sources internationales",""
"MK","Indicateurs macro","LKA","Sri Lanka","6110","Valeur US $","22008","Produit Intérieur Brut","2017","2017","millions","87428.117558","X","Ciffre de sources internationales",""
"MK","Indicateurs macro","SWE","Suède","6110","Valeur US $","22008","Produit Intérieur Brut","2017","2017","millions","541018.749769","X","Ciffre de sources internationales",""
"MK","Indicateurs macro","CHE","Suisse","6110","Valeur US $","22008","Produit Intérieur Brut","2017","2017","millions","704478.516964","X","Ciffre de sources internationales",""
"MK","Indicateurs macro","SUR","Suriname","6110","Valeur US $","22008","Produit Intérieur Brut","2017","2017","millions","3392.950425","X","Ciffre de sources internationales",""
"MK","Indicateurs macro","TJK","Tadjikistan","6110","Valeur US $","22008","Produit Intérieur Brut","2017","2017","millions","7536.403147","X","Ciffre de sources internationales",""
"MK","Indicateurs macro","TCD","Tchad","6110","Valeur US $","22008","Produit Intérieur Brut","2017","2017","millions","10394.020227","X","Ciffre de sources internationales",""
"MK","Indicateurs macro","CZE","Tchéquie","6110","Valeur US $","22008","Produit Intérieur Brut","2017","2017","millions","218628.940952","X","Ciffre de sources internationales",""
"MK","Indicateurs macro","THA","Thaïlande","6110","Valeur US $","22008","Produit Intérieur Brut","2017","2017","millions","456356.812775","X","Ciffre de sources internationales",""
"MK","Indicateurs macro","TLS","Timor-Leste","6110","Valeur US $","22008","Produit Intérieur Brut","2017","2017","millions","1615.609697","X","Ciffre de sources internationales",""
"MK","Indicateurs macro","TGO","Togo","6110","Valeur US $","22008","Produit Intérieur Brut","2017","2017","millions","6387.424244","X","Ciffre de sources internationales",""
"MK","Indicateurs macro","TON","Tonga","6110","Valeur US $","22008","Produit Intérieur Brut","2017","2017","millions","461.324081","X","Ciffre de sources internationales",""
"MK","Indicateurs macro","TTO","Trinité-et-Tobago","6110","Valeur US $","22008","Produit Intérieur Brut","2017","2017","millions","23180.107752","X","Ciffre de sources internationales",""
"MK","Indicateurs macro","TUN","Tunisie","6110","Valeur US $","22008","Produit Intérieur Brut","2017","2017","millions","39802.143071","X","Ciffre de sources internationales",""
"MK","Indicateurs macro","TKM","Turkménistan","6110","Valeur US $","22008","Produit Intérieur Brut","2017","2017","millions","38877.854701","X","Ciffre de sources internationales",""
"MK","Indicateurs macro","TUR","Turquie","6110","Valeur US $","22008","Produit Intérieur Brut","2017","2017","millions","858988.5786","X","Ciffre de sources internationales",""
"MK","Indicateurs macro","TUV","Tuvalu","6110","Valeur US $","22008","Produit Intérieur Brut","2017","2017","millions","45.276606","X","Ciffre de sources internationales",""
"MK","Indicateurs macro","UKR","Ukraine","6110","Valeur US $","22008","Produit Intérieur Brut","2017","2017","millions","112190.328583","X","Ciffre de sources internationales",""
"MK","Indicateurs macro","URY","Uruguay","6110","Valeur US $","22008","Produit Intérieur Brut","2017","2017","millions","64233.966863","X","Ciffre de sources internationales",""
"MK","Indicateurs macro","VUT","Vanuatu","6110","Valeur US $","22008","Produit Intérieur Brut","2017","2017","millions","880.046992","X","Ciffre de sources internationales",""
"MK","Indicateurs macro","VEN","Venezuela (République bolivarienne du)","6110","Valeur US $","22008","Produit Intérieur Brut","2017","2017","millions","247930.222859","X","Ciffre de sources internationales",""
"MK","Indicateurs macro","VNM","Viet Nam","6110","Valeur US $","22008","Produit Intérieur Brut","2017","2017","millions","223779.866149","X","Ciffre de sources internationales",""
"MK","Indicateurs macro","YEM","Yémen","6110","Valeur US $","22008","Produit Intérieur Brut","2017","2017","millions","20739.380619","X","Ciffre de sources internationales",""
"MK","Indicateurs macro","ZMB","Zambie","6110","Valeur US $","22008","Produit Intérieur Brut","2017","2017","millions","25868.161487","X","Ciffre de sources internationales",""
"MK","Indicateurs macro","ZWE","Zimbabwe","6110","Valeur US $","22008","Produit Intérieur Brut","2017","2017","millions","22040.902301","X","Ciffre de sources internationales",""
